Datetime,Year,Month,Day,Hour,Minute,Week,Day of week,Steps
2025-10-05 12:48:28,2025,10,5,12,48,40,Sunday,22
2025-10-05 13:28:26,2025,10,5,13,28,40,Sunday,12
2025-10-05 13:43:59,2025,10,5,13,43,40,Sunday,14
2025-10-05 13:45:15,2025,10,5,13,45,40,Sunday,2
2025-10-05 13:46:15,2025,10,5,13,46,40,Sunday,4
2025-10-05 14:12:25,2025,10,5,14,12,40,Sunday,90
2025-10-05 14:15:25,2025,10,5,14,15,40,Sunday,114
2025-10-05 14:16:46,2025,10,5,14,16,40,Sunday,99
2025-10-05 14:17:52,2025,10,5,14,17,40,Sunday,106
2025-10-05 14:18:53,2025,10,5,14,18,40,Sunday,93
2025-10-05 14:19:52,2025,10,5,14,19,40,Sunday,83
2025-10-05 14:20:51,2025,10,5,14,20,40,Sunday,92
2025-10-05 14:22:02,2025,10,5,14,22,40,Sunday,11
2025-10-05 15:41:36,2025,10,5,15,41,40,Sunday,16
2025-10-05 16:28:59,2025,10,5,16,28,40,Sunday,26
2025-10-05 18:07:03,2025,10,5,18,7,40,Sunday,12
2025-10-05 18:08:03,2025,10,5,18,8,40,Sunday,30
2025-10-05 18:39:21,2025,10,5,18,39,40,Sunday,24
2025-10-05 18:40:21,2025,10,5,18,40,40,Sunday,24
2025-10-05 18:43:52,2025,10,5,18,43,40,Sunday,47
2025-10-05 20:10:01,2025,10,5,20,10,40,Sunday,55
2025-10-05 20:11:51,2025,10,5,20,11,40,Sunday,50
2025-10-05 20:13:01,2025,10,5,20,13,40,Sunday,74
2025-10-05 20:14:03,2025,10,5,20,14,40,Sunday,9
2025-10-05 20:15:03,2025,10,5,20,15,40,Sunday,66
2025-10-05 20:15:41,2025,10,5,20,15,40,Sunday,77
2025-10-05 20:24:45,2025,10,5,20,24,40,Sunday,18
2025-10-05 20:25:45,2025,10,5,20,25,40,Sunday,9
2025-10-05 20:36:07,2025,10,5,20,36,40,Sunday,10
2025-10-05 20:37:07,2025,10,5,20,37,40,Sunday,37
2025-10-05 20:38:05,2025,10,5,20,38,40,Sunday,65
2025-10-05 20:40:15,2025,10,5,20,40,40,Sunday,86
2025-10-05 20:54:01,2025,10,5,20,54,40,Sunday,33
2025-10-05 20:59:42,2025,10,5,20,59,40,Sunday,13
2025-10-05 21:00:42,2025,10,5,21,0,40,Sunday,12
2025-10-05 21:04:20,2025,10,5,21,4,40,Sunday,8
2025-10-05 21:08:47,2025,10,5,21,8,40,Sunday,12
2025-10-05 21:09:53,2025,10,5,21,9,40,Sunday,31
2025-10-05 21:10:55,2025,10,5,21,10,40,Sunday,35
2025-10-05 21:13:18,2025,10,5,21,13,40,Sunday,14
2025-10-05 21:14:18,2025,10,5,21,14,40,Sunday,43
2025-10-05 21:14:48,2025,10,5,21,14,40,Sunday,12
2025-10-05 21:17:20,2025,10,5,21,17,40,Sunday,21
2025-10-05 21:24:45,2025,10,5,21,24,40,Sunday,23
2025-10-05 21:38:36,2025,10,5,21,38,40,Sunday,15
2025-10-05 21:40:11,2025,10,5,21,40,40,Sunday,12
2025-10-05 21:41:11,2025,10,5,21,41,40,Sunday,100
2025-10-05 21:43:02,2025,10,5,21,43,40,Sunday,82
2025-10-05 21:44:04,2025,10,5,21,44,40,Sunday,28
2025-10-05 21:44:29,2025,10,5,21,44,40,Sunday,44
2025-10-05 22:01:02,2025,10,5,22,1,40,Sunday,14
2025-10-05 22:02:31,2025,10,5,22,2,40,Sunday,13
2025-10-05 22:05:13,2025,10,5,22,5,40,Sunday,5
2025-10-05 22:07:24,2025,10,5,22,7,40,Sunday,5
2025-10-05 23:03:55,2025,10,5,23,3,40,Sunday,95
2025-10-05 23:07:05,2025,10,5,23,7,40,Sunday,108
2025-10-05 23:08:07,2025,10,5,23,8,40,Sunday,98
2025-10-05 23:09:31,2025,10,5,23,9,40,Sunday,96
2025-10-05 23:10:32,2025,10,5,23,10,40,Sunday,91
2025-10-05 23:11:32,2025,10,5,23,11,40,Sunday,86
2025-10-05 23:12:34,2025,10,5,23,12,40,Sunday,78
2025-10-05 23:19:39,2025,10,5,23,19,40,Sunday,45
2025-10-05 23:21:09,2025,10,5,23,21,40,Sunday,107
2025-10-05 23:22:19,2025,10,5,23,22,40,Sunday,94
2025-10-05 23:23:16,2025,10,5,23,23,40,Sunday,140
2025-10-05 23:24:24,2025,10,5,23,24,40,Sunday,120
2025-10-05 23:25:22,2025,10,5,23,25,40,Sunday,118
2025-10-05 23:26:34,2025,10,5,23,26,40,Sunday,103
2025-10-05 23:27:34,2025,10,5,23,27,40,Sunday,98
2025-10-05 23:32:41,2025,10,5,23,32,40,Sunday,28
2025-10-05 23:33:41,2025,10,5,23,33,40,Sunday,6
2025-10-05 23:33:46,2025,10,5,23,33,40,Sunday,40
2025-10-05 23:34:47,2025,10,5,23,34,40,Sunday,15
2025-10-05 23:34:59,2025,10,5,23,34,40,Sunday,41
2025-10-05 23:35:52,2025,10,5,23,35,40,Sunday,25
2025-10-05 23:36:19,2025,10,5,23,36,40,Sunday,24
2025-10-05 23:39:00,2025,10,5,23,39,40,Sunday,6
2025-10-05 23:47:08,2025,10,5,23,47,40,Sunday,26
2025-10-05 23:48:08,2025,10,5,23,48,40,Sunday,25
2025-10-06 08:09:03,2025,10,6,8,9,41,Monday,36
2025-10-06 08:10:34,2025,10,6,8,10,41,Monday,23
2025-10-06 08:11:34,2025,10,6,8,11,41,Monday,2
2025-10-06 08:42:38,2025,10,6,8,42,41,Monday,11
2025-10-06 09:43:26,2025,10,6,9,43,41,Monday,23
2025-10-06 09:44:35,2025,10,6,9,44,41,Monday,46
2025-10-06 09:46:07,2025,10,6,9,46,41,Monday,41
2025-10-06 09:48:32,2025,10,6,9,48,41,Monday,47
2025-10-06 09:51:06,2025,10,6,9,51,41,Monday,44
2025-10-06 09:52:34,2025,10,6,9,52,41,Monday,39
2025-10-06 10:37:11,2025,10,6,10,37,41,Monday,41
2025-10-06 10:40:02,2025,10,6,10,40,41,Monday,41
2025-10-06 10:52:48,2025,10,6,10,52,41,Monday,29
2025-10-06 10:53:49,2025,10,6,10,53,41,Monday,10
2025-10-06 10:55:08,2025,10,6,10,55,41,Monday,49
2025-10-06 10:56:48,2025,10,6,10,56,41,Monday,7
2025-10-06 10:57:48,2025,10,6,10,57,41,Monday,48
2025-10-06 10:58:37,2025,10,6,10,58,41,Monday,21
2025-10-06 11:00:50,2025,10,6,11,0,41,Monday,55
2025-10-06 11:04:45,2025,10,6,11,4,41,Monday,35
2025-10-06 11:05:55,2025,10,6,11,5,41,Monday,23
2025-10-06 11:06:10,2025,10,6,11,6,41,Monday,26
2025-10-06 11:08:41,2025,10,6,11,8,41,Monday,28
2025-10-06 11:09:41,2025,10,6,11,9,41,Monday,96
2025-10-06 11:22:23,2025,10,6,11,22,41,Monday,1
2025-10-06 11:23:23,2025,10,6,11,23,41,Monday,68
2025-10-06 11:24:38,2025,10,6,11,24,41,Monday,13
2025-10-06 11:24:51,2025,10,6,11,24,41,Monday,38
2025-10-06 12:46:29,2025,10,6,12,46,41,Monday,8
2025-10-06 13:47:04,2025,10,6,13,47,41,Monday,28
2025-10-06 13:48:04,2025,10,6,13,48,41,Monday,87
2025-10-06 13:49:00,2025,10,6,13,49,41,Monday,25
2025-10-06 14:15:04,2025,10,6,14,15,41,Monday,23
2025-10-06 14:16:15,2025,10,6,14,16,41,Monday,32
2025-10-06 14:17:19,2025,10,6,14,17,41,Monday,95
2025-10-06 14:18:27,2025,10,6,14,18,41,Monday,92
2025-10-06 14:19:22,2025,10,6,14,19,41,Monday,99
2025-10-06 14:20:20,2025,10,6,14,20,41,Monday,206
2025-10-06 14:22:20,2025,10,6,14,22,41,Monday,29
2025-10-06 14:22:37,2025,10,6,14,22,41,Monday,87
2025-10-06 14:23:27,2025,10,6,14,23,41,Monday,115
2025-10-06 14:24:33,2025,10,6,14,24,41,Monday,116
2025-10-06 14:25:42,2025,10,6,14,25,41,Monday,120
2025-10-06 14:26:51,2025,10,6,14,26,41,Monday,147
2025-10-06 14:38:23,2025,10,6,14,38,41,Monday,61
2025-10-06 14:40:25,2025,10,6,14,40,41,Monday,96
2025-10-06 14:41:57,2025,10,6,14,41,41,Monday,41
2025-10-06 15:50:49,2025,10,6,15,50,41,Monday,45
2025-10-06 15:52:46,2025,10,6,15,52,41,Monday,40
2025-10-06 16:00:32,2025,10,6,16,0,41,Monday,37
2025-10-06 16:02:12,2025,10,6,16,2,41,Monday,1
2025-10-06 16:03:12,2025,10,6,16,3,41,Monday,15
2025-10-06 16:06:11,2025,10,6,16,6,41,Monday,56
2025-10-06 16:08:03,2025,10,6,16,8,41,Monday,76
2025-10-06 16:08:51,2025,10,6,16,8,41,Monday,137
2025-10-06 16:10:15,2025,10,6,16,10,41,Monday,39
2025-10-06 16:10:49,2025,10,6,16,10,41,Monday,75
2025-10-06 16:12:38,2025,10,6,16,12,41,Monday,59
2025-10-06 16:14:36,2025,10,6,16,14,41,Monday,78
2025-10-06 16:15:53,2025,10,6,16,15,41,Monday,9
2025-10-06 16:15:57,2025,10,6,16,15,41,Monday,119
2025-10-06 16:19:01,2025,10,6,16,19,41,Monday,73
2025-10-06 16:21:47,2025,10,6,16,21,41,Monday,20
2025-10-06 16:24:21,2025,10,6,16,24,41,Monday,61
2025-10-06 16:27:01,2025,10,6,16,27,41,Monday,31
2025-10-06 16:28:19,2025,10,6,16,28,41,Monday,31
2025-10-06 16:43:33,2025,10,6,16,43,41,Monday,29
2025-10-06 17:13:39,2025,10,6,17,13,41,Monday,10
2025-10-06 17:14:57,2025,10,6,17,14,41,Monday,51
2025-10-06 17:16:39,2025,10,6,17,16,41,Monday,2
2025-10-06 17:19:18,2025,10,6,17,19,41,Monday,35
2025-10-06 17:20:38,2025,10,6,17,20,41,Monday,24
2025-10-06 17:21:38,2025,10,6,17,21,41,Monday,14
2025-10-06 17:29:01,2025,10,6,17,29,41,Monday,6
2025-10-06 17:31:07,2025,10,6,17,31,41,Monday,23
2025-10-06 17:32:07,2025,10,6,17,32,41,Monday,7
2025-10-06 17:33:33,2025,10,6,17,33,41,Monday,28
2025-10-06 17:35:19,2025,10,6,17,35,41,Monday,18
2025-10-06 17:36:37,2025,10,6,17,36,41,Monday,28
2025-10-06 17:39:11,2025,10,6,17,39,41,Monday,36
2025-10-06 17:40:23,2025,10,6,17,40,41,Monday,16
2025-10-06 17:41:06,2025,10,6,17,41,41,Monday,35
2025-10-06 17:42:19,2025,10,6,17,42,41,Monday,20
2025-10-06 17:43:19,2025,10,6,17,43,41,Monday,60
2025-10-06 17:44:55,2025,10,6,17,44,41,Monday,38
2025-10-06 17:45:55,2025,10,6,17,45,41,Monday,31
2025-10-06 17:46:57,2025,10,6,17,46,41,Monday,28
2025-10-06 17:49:05,2025,10,6,17,49,41,Monday,34
2025-10-06 17:50:27,2025,10,6,17,50,41,Monday,38
2025-10-06 17:52:00,2025,10,6,17,52,41,Monday,28
2025-10-06 17:54:00,2025,10,6,17,54,41,Monday,36
2025-10-06 17:55:12,2025,10,6,17,55,41,Monday,10
2025-10-06 17:55:29,2025,10,6,17,55,41,Monday,27
2025-10-06 17:56:29,2025,10,6,17,56,41,Monday,36
2025-10-06 17:57:23,2025,10,6,17,57,41,Monday,5
2025-10-06 18:06:28,2025,10,6,18,6,41,Monday,8
2025-10-06 18:07:31,2025,10,6,18,7,41,Monday,18
2025-10-06 18:08:31,2025,10,6,18,8,41,Monday,33
2025-10-06 18:10:30,2025,10,6,18,10,41,Monday,48
2025-10-06 18:12:24,2025,10,6,18,12,41,Monday,37
2025-10-06 18:13:44,2025,10,6,18,13,41,Monday,29
2025-10-06 18:14:44,2025,10,6,18,14,41,Monday,41
2025-10-06 18:17:36,2025,10,6,18,17,41,Monday,1
2025-10-06 18:18:36,2025,10,6,18,18,41,Monday,39
2025-10-06 18:50:37,2025,10,6,18,50,41,Monday,1
2025-10-06 19:51:34,2025,10,6,19,51,41,Monday,53
2025-10-06 19:52:06,2025,10,6,19,52,41,Monday,57
2025-10-06 19:53:00,2025,10,6,19,53,41,Monday,9
2025-10-06 19:54:00,2025,10,6,19,54,41,Monday,36
2025-10-06 19:59:06,2025,10,6,19,59,41,Monday,16
2025-10-06 20:39:01,2025,10,6,20,39,41,Monday,11
2025-10-06 22:26:01,2025,10,6,22,26,41,Monday,12
2025-10-06 22:27:25,2025,10,6,22,27,41,Monday,33
2025-10-06 23:00:23,2025,10,6,23,0,41,Monday,121
2025-10-06 23:04:25,2025,10,6,23,4,41,Monday,72
2025-10-06 23:05:21,2025,10,6,23,5,41,Monday,63
2025-10-06 23:06:49,2025,10,6,23,6,41,Monday,31
2025-10-06 23:07:08,2025,10,6,23,7,41,Monday,26
2025-10-06 23:07:46,2025,10,6,23,7,41,Monday,12
2025-10-06 23:08:19,2025,10,6,23,8,41,Monday,13
2025-10-06 23:09:09,2025,10,6,23,9,41,Monday,68
2025-10-06 23:11:25,2025,10,6,23,11,41,Monday,83
2025-10-06 23:12:24,2025,10,6,23,12,41,Monday,92
2025-10-06 23:13:35,2025,10,6,23,13,41,Monday,35
2025-10-06 23:14:30,2025,10,6,23,14,41,Monday,65
2025-10-06 23:15:40,2025,10,6,23,15,41,Monday,88
2025-10-06 23:16:42,2025,10,6,23,16,41,Monday,47
2025-10-06 23:17:41,2025,10,6,23,17,41,Monday,42
2025-10-06 23:18:19,2025,10,6,23,18,41,Monday,112
2025-10-06 23:21:34,2025,10,6,23,21,41,Monday,51
2025-10-06 23:51:36,2025,10,6,23,51,41,Monday,15
2025-10-07 00:08:11,2025,10,7,0,8,41,Tuesday,15
2025-10-07 00:09:11,2025,10,7,0,9,41,Tuesday,28
2025-10-07 08:02:39,2025,10,7,8,2,41,Tuesday,6
2025-10-07 08:14:29,2025,10,7,8,14,41,Tuesday,8
2025-10-07 09:00:45,2025,10,7,9,0,41,Tuesday,75
2025-10-07 09:02:51,2025,10,7,9,2,41,Tuesday,44
2025-10-07 09:43:34,2025,10,7,9,43,41,Tuesday,8
2025-10-07 09:43:52,2025,10,7,9,43,41,Tuesday,42
2025-10-07 09:46:21,2025,10,7,9,46,41,Tuesday,17
2025-10-07 09:47:21,2025,10,7,9,47,41,Tuesday,46
2025-10-07 10:15:58,2025,10,7,10,15,41,Tuesday,5
2025-10-07 10:36:35,2025,10,7,10,36,41,Tuesday,38
2025-10-07 10:37:51,2025,10,7,10,37,41,Tuesday,70
2025-10-07 10:39:58,2025,10,7,10,39,41,Tuesday,23
2025-10-07 10:48:15,2025,10,7,10,48,41,Tuesday,11
2025-10-07 10:49:15,2025,10,7,10,49,41,Tuesday,7
2025-10-07 10:51:03,2025,10,7,10,51,41,Tuesday,9
2025-10-07 10:52:22,2025,10,7,10,52,41,Tuesday,22
2025-10-07 10:53:22,2025,10,7,10,53,41,Tuesday,17
2025-10-07 10:53:56,2025,10,7,10,53,41,Tuesday,13
2025-10-07 10:56:35,2025,10,7,10,56,41,Tuesday,29
2025-10-07 10:57:35,2025,10,7,10,57,41,Tuesday,44
2025-10-07 10:59:33,2025,10,7,10,59,41,Tuesday,11
2025-10-07 11:00:45,2025,10,7,11,0,41,Tuesday,6
2025-10-07 11:00:59,2025,10,7,11,0,41,Tuesday,51
2025-10-07 11:04:25,2025,10,7,11,4,41,Tuesday,15
2025-10-07 11:05:25,2025,10,7,11,5,41,Tuesday,19
2025-10-07 11:05:40,2025,10,7,11,5,41,Tuesday,5
2025-10-07 11:06:08,2025,10,7,11,6,41,Tuesday,32
2025-10-07 11:06:33,2025,10,7,11,6,41,Tuesday,57
2025-10-07 11:07:22,2025,10,7,11,7,41,Tuesday,35
2025-10-07 11:08:32,2025,10,7,11,8,41,Tuesday,5
2025-10-07 12:59:04,2025,10,7,12,59,41,Tuesday,6
2025-10-07 13:14:54,2025,10,7,13,14,41,Tuesday,48
2025-10-07 13:16:30,2025,10,7,13,16,41,Tuesday,36
2025-10-07 13:42:10,2025,10,7,13,42,41,Tuesday,48
2025-10-07 13:44:45,2025,10,7,13,44,41,Tuesday,8
2025-10-07 14:05:56,2025,10,7,14,5,41,Tuesday,46
2025-10-07 14:07:29,2025,10,7,14,7,41,Tuesday,72
2025-10-07 14:09:02,2025,10,7,14,9,41,Tuesday,41
2025-10-07 14:10:24,2025,10,7,14,10,41,Tuesday,56
2025-10-07 14:10:57,2025,10,7,14,10,41,Tuesday,94
2025-10-07 14:11:59,2025,10,7,14,11,41,Tuesday,96
2025-10-07 14:13:00,2025,10,7,14,13,41,Tuesday,98
2025-10-07 14:14:02,2025,10,7,14,14,41,Tuesday,16
2025-10-07 14:14:13,2025,10,7,14,14,41,Tuesday,105
2025-10-07 14:15:17,2025,10,7,14,15,41,Tuesday,157
2025-10-07 14:16:55,2025,10,7,14,16,41,Tuesday,41
2025-10-07 14:17:19,2025,10,7,14,17,41,Tuesday,74
2025-10-07 14:18:04,2025,10,7,14,18,41,Tuesday,89
2025-10-07 14:19:01,2025,10,7,14,19,41,Tuesday,67
2025-10-07 14:19:44,2025,10,7,14,19,41,Tuesday,79
2025-10-07 14:20:35,2025,10,7,14,20,41,Tuesday,46
2025-10-07 14:22:47,2025,10,7,14,22,41,Tuesday,50
2025-10-07 14:24:27,2025,10,7,14,24,41,Tuesday,5
2025-10-07 14:25:45,2025,10,7,14,25,41,Tuesday,6
2025-10-07 14:27:52,2025,10,7,14,27,41,Tuesday,9
2025-10-07 15:22:04,2025,10,7,15,22,41,Tuesday,30
2025-10-07 15:23:04,2025,10,7,15,23,41,Tuesday,24
2025-10-07 16:56:01,2025,10,7,16,56,41,Tuesday,38
2025-10-07 16:57:58,2025,10,7,16,57,41,Tuesday,14
2025-10-07 16:58:58,2025,10,7,16,58,41,Tuesday,26
2025-10-07 17:21:26,2025,10,7,17,21,41,Tuesday,32
2025-10-07 17:23:20,2025,10,7,17,23,41,Tuesday,40
2025-10-07 17:24:40,2025,10,7,17,24,41,Tuesday,52
2025-10-07 17:25:19,2025,10,7,17,25,41,Tuesday,24
2025-10-07 18:55:13,2025,10,7,18,55,41,Tuesday,38
2025-10-07 18:56:48,2025,10,7,18,56,41,Tuesday,60
2025-10-07 18:58:48,2025,10,7,18,58,41,Tuesday,6
2025-10-07 18:58:52,2025,10,7,18,58,41,Tuesday,72
2025-10-07 19:54:16,2025,10,7,19,54,41,Tuesday,8
2025-10-07 19:54:21,2025,10,7,19,54,41,Tuesday,44
2025-10-07 19:54:48,2025,10,7,19,54,41,Tuesday,36
2025-10-07 19:55:12,2025,10,7,19,55,41,Tuesday,25
2025-10-07 19:55:27,2025,10,7,19,55,41,Tuesday,16
2025-10-07 19:56:20,2025,10,7,19,56,41,Tuesday,19
2025-10-07 20:35:13,2025,10,7,20,35,41,Tuesday,17
2025-10-07 20:38:07,2025,10,7,20,38,41,Tuesday,10
2025-10-07 20:39:38,2025,10,7,20,39,41,Tuesday,8
2025-10-07 20:40:38,2025,10,7,20,40,41,Tuesday,35
2025-10-07 20:41:42,2025,10,7,20,41,41,Tuesday,14
2025-10-07 20:41:51,2025,10,7,20,41,41,Tuesday,11
2025-10-07 20:42:42,2025,10,7,20,42,41,Tuesday,12
2025-10-07 20:42:49,2025,10,7,20,42,41,Tuesday,100
2025-10-07 20:43:53,2025,10,7,20,43,41,Tuesday,21
2025-10-07 20:44:33,2025,10,7,20,44,41,Tuesday,5
2025-10-07 20:45:33,2025,10,7,20,45,41,Tuesday,27
2025-10-07 20:46:00,2025,10,7,20,46,41,Tuesday,9
2025-10-07 20:47:38,2025,10,7,20,47,41,Tuesday,10
2025-10-07 20:50:23,2025,10,7,20,50,41,Tuesday,7
2025-10-07 20:53:46,2025,10,7,20,53,41,Tuesday,7
2025-10-07 20:58:19,2025,10,7,20,58,41,Tuesday,46
2025-10-07 20:59:51,2025,10,7,20,59,41,Tuesday,9
2025-10-07 21:02:56,2025,10,7,21,2,41,Tuesday,32
2025-10-07 21:05:50,2025,10,7,21,5,41,Tuesday,81
2025-10-07 21:10:28,2025,10,7,21,10,41,Tuesday,42
2025-10-07 21:11:53,2025,10,7,21,11,41,Tuesday,8
2025-10-07 21:14:01,2025,10,7,21,14,41,Tuesday,12
2025-10-07 21:24:59,2025,10,7,21,24,41,Tuesday,84
2025-10-07 21:30:55,2025,10,7,21,30,41,Tuesday,68
2025-10-07 21:34:43,2025,10,7,21,34,41,Tuesday,33
2025-10-07 21:46:09,2025,10,7,21,46,41,Tuesday,121
2025-10-07 21:59:22,2025,10,7,21,59,41,Tuesday,37
2025-10-07 22:00:36,2025,10,7,22,0,41,Tuesday,87
2025-10-07 22:01:40,2025,10,7,22,1,41,Tuesday,22
2025-10-07 22:01:54,2025,10,7,22,1,41,Tuesday,69
2025-10-07 22:02:39,2025,10,7,22,2,41,Tuesday,18
2025-10-07 22:04:13,2025,10,7,22,4,41,Tuesday,21
2025-10-07 22:05:13,2025,10,7,22,5,41,Tuesday,14
2025-10-07 22:05:27,2025,10,7,22,5,41,Tuesday,20
2025-10-07 22:05:45,2025,10,7,22,5,41,Tuesday,17
2025-10-07 22:07:19,2025,10,7,22,7,41,Tuesday,28
2025-10-07 22:38:47,2025,10,7,22,38,41,Tuesday,38
2025-10-07 23:25:01,2025,10,7,23,25,41,Tuesday,73
2025-10-07 23:27:27,2025,10,7,23,27,41,Tuesday,13
2025-10-07 23:27:34,2025,10,7,23,27,41,Tuesday,48
2025-10-07 23:37:48,2025,10,7,23,37,41,Tuesday,69
2025-10-08 00:02:21,2025,10,8,0,2,41,Wednesday,20
2025-10-08 08:13:41,2025,10,8,8,13,41,Wednesday,20
2025-10-08 09:01:24,2025,10,8,9,1,41,Wednesday,39
2025-10-08 09:02:42,2025,10,8,9,2,41,Wednesday,41
2025-10-08 09:04:02,2025,10,8,9,4,41,Wednesday,79
2025-10-08 09:43:06,2025,10,8,9,43,41,Wednesday,31
2025-10-08 09:43:45,2025,10,8,9,43,41,Wednesday,44
2025-10-08 09:45:13,2025,10,8,9,45,41,Wednesday,46
2025-10-08 09:47:04,2025,10,8,9,47,41,Wednesday,53
2025-10-08 09:48:50,2025,10,8,9,48,41,Wednesday,44
2025-10-08 09:49:51,2025,10,8,9,49,41,Wednesday,14
2025-10-08 10:36:05,2025,10,8,10,36,41,Wednesday,43
2025-10-08 10:38:02,2025,10,8,10,38,41,Wednesday,14
2025-10-08 10:39:02,2025,10,8,10,39,41,Wednesday,27
2025-10-08 10:48:05,2025,10,8,10,48,41,Wednesday,31
2025-10-08 10:49:07,2025,10,8,10,49,41,Wednesday,8
2025-10-08 10:49:40,2025,10,8,10,49,41,Wednesday,23
2025-10-08 10:51:34,2025,10,8,10,51,41,Wednesday,7
2025-10-08 10:53:45,2025,10,8,10,53,41,Wednesday,26
2025-10-08 10:54:45,2025,10,8,10,54,41,Wednesday,38
2025-10-08 10:55:48,2025,10,8,10,55,41,Wednesday,27
2025-10-08 10:56:48,2025,10,8,10,56,41,Wednesday,13
2025-10-08 10:56:55,2025,10,8,10,56,41,Wednesday,8
2025-10-08 10:58:39,2025,10,8,10,58,41,Wednesday,11
2025-10-08 10:59:39,2025,10,8,10,59,41,Wednesday,7
2025-10-08 11:00:08,2025,10,8,11,0,41,Wednesday,1
2025-10-08 11:01:08,2025,10,8,11,1,41,Wednesday,11
2025-10-08 11:02:26,2025,10,8,11,2,41,Wednesday,33
2025-10-08 11:03:32,2025,10,8,11,3,41,Wednesday,47
2025-10-08 11:04:02,2025,10,8,11,4,41,Wednesday,48
2025-10-08 11:48:55,2025,10,8,11,48,41,Wednesday,49
2025-10-08 11:52:31,2025,10,8,11,52,41,Wednesday,29
2025-10-08 11:53:31,2025,10,8,11,53,41,Wednesday,27
2025-10-08 11:56:42,2025,10,8,11,56,41,Wednesday,5
2025-10-08 11:59:33,2025,10,8,11,59,41,Wednesday,20
2025-10-08 12:45:17,2025,10,8,12,45,41,Wednesday,27
2025-10-08 12:47:27,2025,10,8,12,47,41,Wednesday,39
2025-10-08 12:49:15,2025,10,8,12,49,41,Wednesday,43
2025-10-08 12:52:01,2025,10,8,12,52,41,Wednesday,6
2025-10-08 13:26:17,2025,10,8,13,26,41,Wednesday,25
2025-10-08 13:37:30,2025,10,8,13,37,41,Wednesday,36
2025-10-08 13:38:43,2025,10,8,13,38,41,Wednesday,79
2025-10-08 13:39:58,2025,10,8,13,39,41,Wednesday,15
2025-10-08 13:40:58,2025,10,8,13,40,41,Wednesday,71
2025-10-08 13:42:02,2025,10,8,13,42,41,Wednesday,27
2025-10-08 14:06:11,2025,10,8,14,6,41,Wednesday,62
2025-10-08 14:08:15,2025,10,8,14,8,41,Wednesday,39
2025-10-08 14:08:48,2025,10,8,14,8,41,Wednesday,108
2025-10-08 14:09:51,2025,10,8,14,9,41,Wednesday,42
2025-10-08 14:10:15,2025,10,8,14,10,41,Wednesday,99
2025-10-08 14:11:13,2025,10,8,14,11,41,Wednesday,45
2025-10-08 14:11:38,2025,10,8,14,11,41,Wednesday,86
2025-10-08 14:12:28,2025,10,8,14,12,41,Wednesday,24
2025-10-08 14:12:42,2025,10,8,14,12,41,Wednesday,54
2025-10-08 14:13:14,2025,10,8,14,13,41,Wednesday,42
2025-10-08 14:13:39,2025,10,8,14,13,41,Wednesday,88
2025-10-08 14:14:32,2025,10,8,14,14,41,Wednesday,28
2025-10-08 14:14:59,2025,10,8,14,14,41,Wednesday,13
2025-10-08 14:15:16,2025,10,8,14,15,41,Wednesday,6
2025-10-08 14:15:55,2025,10,8,14,15,41,Wednesday,9
2025-10-08 14:18:15,2025,10,8,14,18,41,Wednesday,38
2025-10-08 14:32:55,2025,10,8,14,32,41,Wednesday,23
2025-10-08 14:33:55,2025,10,8,14,33,41,Wednesday,28
2025-10-08 14:52:31,2025,10,8,14,52,41,Wednesday,1
2025-10-08 14:53:31,2025,10,8,14,53,41,Wednesday,26
2025-10-08 15:24:14,2025,10,8,15,24,41,Wednesday,6
2025-10-08 17:16:56,2025,10,8,17,16,41,Wednesday,52
2025-10-08 17:18:40,2025,10,8,17,18,41,Wednesday,11
2025-10-08 17:19:33,2025,10,8,17,19,41,Wednesday,57
2025-10-08 17:20:03,2025,10,8,17,20,41,Wednesday,22
2025-10-08 17:20:36,2025,10,8,17,20,41,Wednesday,15
2025-10-08 17:21:55,2025,10,8,17,21,41,Wednesday,19
2025-10-08 17:22:55,2025,10,8,17,22,41,Wednesday,25
2025-10-08 17:23:15,2025,10,8,17,23,41,Wednesday,11
2025-10-08 17:24:57,2025,10,8,17,24,41,Wednesday,22
2025-10-08 17:26:50,2025,10,8,17,26,41,Wednesday,40
2025-10-08 17:28:42,2025,10,8,17,28,41,Wednesday,14
2025-10-08 17:29:42,2025,10,8,17,29,41,Wednesday,7
2025-10-08 17:30:00,2025,10,8,17,30,41,Wednesday,24
2025-10-08 17:31:00,2025,10,8,17,31,41,Wednesday,22
2025-10-08 17:31:10,2025,10,8,17,31,41,Wednesday,22
2025-10-08 17:31:40,2025,10,8,17,31,41,Wednesday,24
2025-10-08 17:32:40,2025,10,8,17,32,41,Wednesday,48
2025-10-08 17:41:18,2025,10,8,17,41,41,Wednesday,28
2025-10-08 17:42:18,2025,10,8,17,42,41,Wednesday,6
2025-10-08 17:42:50,2025,10,8,17,42,41,Wednesday,32
2025-10-08 17:44:48,2025,10,8,17,44,41,Wednesday,14
2025-10-08 17:45:48,2025,10,8,17,45,41,Wednesday,22
2025-10-08 17:46:46,2025,10,8,17,46,41,Wednesday,6
2025-10-08 17:47:46,2025,10,8,17,47,41,Wednesday,7
2025-10-08 17:48:24,2025,10,8,17,48,41,Wednesday,49
2025-10-08 17:57:16,2025,10,8,17,57,41,Wednesday,29
2025-10-08 17:58:16,2025,10,8,17,58,41,Wednesday,1
2025-10-08 18:06:31,2025,10,8,18,6,41,Wednesday,5
2025-10-08 18:25:05,2025,10,8,18,25,41,Wednesday,14
2025-10-08 18:50:46,2025,10,8,18,50,41,Wednesday,42
2025-10-08 18:52:20,2025,10,8,18,52,41,Wednesday,47
2025-10-08 18:53:54,2025,10,8,18,53,41,Wednesday,17
2025-10-08 18:54:04,2025,10,8,18,54,41,Wednesday,35
2025-10-08 19:18:02,2025,10,8,19,18,41,Wednesday,19
2025-10-08 19:19:16,2025,10,8,19,19,41,Wednesday,15
2025-10-08 19:21:00,2025,10,8,19,21,41,Wednesday,22
2025-10-08 19:22:00,2025,10,8,19,22,41,Wednesday,76
2025-10-08 19:22:55,2025,10,8,19,22,41,Wednesday,2
2025-10-08 19:33:09,2025,10,8,19,33,41,Wednesday,5
2025-10-08 19:34:29,2025,10,8,19,34,41,Wednesday,9
2025-10-08 20:19:07,2025,10,8,20,19,41,Wednesday,26
2025-10-08 20:20:00,2025,10,8,20,20,41,Wednesday,19
2025-10-08 20:21:43,2025,10,8,20,21,41,Wednesday,10
2025-10-08 20:22:43,2025,10,8,20,22,41,Wednesday,24
2025-10-08 20:32:05,2025,10,8,20,32,41,Wednesday,64
2025-10-08 20:37:22,2025,10,8,20,37,41,Wednesday,13
2025-10-08 20:38:22,2025,10,8,20,38,41,Wednesday,5
2025-10-08 20:38:25,2025,10,8,20,38,41,Wednesday,98
2025-10-08 20:39:24,2025,10,8,20,39,41,Wednesday,4
2025-10-08 20:39:26,2025,10,8,20,39,41,Wednesday,90
2025-10-08 20:40:36,2025,10,8,20,40,41,Wednesday,19
2025-10-08 20:41:36,2025,10,8,20,41,41,Wednesday,16
2025-10-08 20:41:58,2025,10,8,20,41,41,Wednesday,25
2025-10-08 21:40:34,2025,10,8,21,40,41,Wednesday,11
2025-10-08 22:23:17,2025,10,8,22,23,41,Wednesday,19
2025-10-08 23:01:36,2025,10,8,23,1,41,Wednesday,86
2025-10-08 23:04:28,2025,10,8,23,4,41,Wednesday,55
2025-10-08 23:05:30,2025,10,8,23,5,41,Wednesday,67
2025-10-08 23:06:43,2025,10,8,23,6,41,Wednesday,96
2025-10-08 23:07:44,2025,10,8,23,7,41,Wednesday,115
2025-10-08 23:08:45,2025,10,8,23,8,41,Wednesday,119
2025-10-08 23:09:46,2025,10,8,23,9,41,Wednesday,80
2025-10-08 23:10:46,2025,10,8,23,10,41,Wednesday,26
2025-10-08 23:11:07,2025,10,8,23,11,41,Wednesday,18
2025-10-08 23:11:54,2025,10,8,23,11,41,Wednesday,112
2025-10-08 23:12:49,2025,10,8,23,12,41,Wednesday,12
2025-10-08 23:12:55,2025,10,8,23,12,41,Wednesday,104
2025-10-08 23:13:50,2025,10,8,23,13,41,Wednesday,17
2025-10-08 23:13:58,2025,10,8,23,13,41,Wednesday,82
2025-10-08 23:38:25,2025,10,8,23,38,41,Wednesday,6
2025-10-08 23:44:50,2025,10,8,23,44,41,Wednesday,24
2025-10-09 07:57:31,2025,10,9,7,57,41,Thursday,21
2025-10-09 08:07:43,2025,10,9,8,7,41,Thursday,10
2025-10-09 08:29:34,2025,10,9,8,29,41,Thursday,6
2025-10-09 08:51:43,2025,10,9,8,51,41,Thursday,18
2025-10-09 08:52:52,2025,10,9,8,52,41,Thursday,8
2025-10-09 08:54:33,2025,10,9,8,54,41,Thursday,14
2025-10-09 08:55:33,2025,10,9,8,55,41,Thursday,96
2025-10-09 08:57:16,2025,10,9,8,57,41,Thursday,24
2025-10-09 09:37:27,2025,10,9,9,37,41,Thursday,1
2025-10-09 09:38:27,2025,10,9,9,38,41,Thursday,62
2025-10-09 09:40:34,2025,10,9,9,40,41,Thursday,42
2025-10-09 09:43:33,2025,10,9,9,43,41,Thursday,45
2025-10-09 09:45:03,2025,10,9,9,45,41,Thursday,42
2025-10-09 09:56:49,2025,10,9,9,56,41,Thursday,10
2025-10-09 09:57:49,2025,10,9,9,57,41,Thursday,35
2025-10-09 10:04:36,2025,10,9,10,4,41,Thursday,30
2025-10-09 10:30:46,2025,10,9,10,30,41,Thursday,34
2025-10-09 10:57:24,2025,10,9,10,57,41,Thursday,28
2025-10-09 11:01:51,2025,10,9,11,1,41,Thursday,16
2025-10-09 11:03:03,2025,10,9,11,3,41,Thursday,33
2025-10-09 11:04:09,2025,10,9,11,4,41,Thursday,65
2025-10-09 11:05:53,2025,10,9,11,5,41,Thursday,10
2025-10-09 11:06:53,2025,10,9,11,6,41,Thursday,21
2025-10-09 11:07:42,2025,10,9,11,7,41,Thursday,48
2025-10-09 11:09:09,2025,10,9,11,9,41,Thursday,13
2025-10-09 11:09:57,2025,10,9,11,9,41,Thursday,8
2025-10-09 11:11:36,2025,10,9,11,11,41,Thursday,4
2025-10-09 11:12:36,2025,10,9,11,12,41,Thursday,9
2025-10-09 11:13:27,2025,10,9,11,13,41,Thursday,7
2025-10-09 11:14:27,2025,10,9,11,14,41,Thursday,25
2025-10-09 11:14:59,2025,10,9,11,14,41,Thursday,13
2025-10-09 11:15:19,2025,10,9,11,15,41,Thursday,19
2025-10-09 11:15:34,2025,10,9,11,15,41,Thursday,14
2025-10-09 11:16:32,2025,10,9,11,16,41,Thursday,59
2025-10-09 11:17:18,2025,10,9,11,17,41,Thursday,3
2025-10-09 11:20:49,2025,10,9,11,20,41,Thursday,25
2025-10-09 11:21:49,2025,10,9,11,21,41,Thursday,12
2025-10-09 11:45:38,2025,10,9,11,45,41,Thursday,1
2025-10-09 11:46:38,2025,10,9,11,46,41,Thursday,42
2025-10-09 12:04:27,2025,10,9,12,4,41,Thursday,39
2025-10-09 12:05:55,2025,10,9,12,5,41,Thursday,11
2025-10-09 12:06:55,2025,10,9,12,6,41,Thursday,39
2025-10-09 12:27:01,2025,10,9,12,27,41,Thursday,11
2025-10-09 12:28:01,2025,10,9,12,28,41,Thursday,12
2025-10-09 12:28:10,2025,10,9,12,28,41,Thursday,38
2025-10-09 12:28:54,2025,10,9,12,28,41,Thursday,5
2025-10-09 12:29:22,2025,10,9,12,29,41,Thursday,43
2025-10-09 13:05:44,2025,10,9,13,5,41,Thursday,41
2025-10-09 13:07:08,2025,10,9,13,7,41,Thursday,18
2025-10-09 13:08:08,2025,10,9,13,8,41,Thursday,63
2025-10-09 13:09:06,2025,10,9,13,9,41,Thursday,29
2025-10-09 13:35:04,2025,10,9,13,35,41,Thursday,32
2025-10-09 13:36:08,2025,10,9,13,36,41,Thursday,26
2025-10-09 13:36:39,2025,10,9,13,36,41,Thursday,125
2025-10-09 13:38:08,2025,10,9,13,38,41,Thursday,135
2025-10-09 13:39:25,2025,10,9,13,39,41,Thursday,16
2025-10-09 13:39:33,2025,10,9,13,39,41,Thursday,50
2025-10-09 13:40:02,2025,10,9,13,40,41,Thursday,68
2025-10-09 13:40:41,2025,10,9,13,40,41,Thursday,95
2025-10-09 13:41:38,2025,10,9,13,41,41,Thursday,148
2025-10-09 13:43:08,2025,10,9,13,43,41,Thursday,124
2025-10-09 13:44:15,2025,10,9,13,44,41,Thursday,13
2025-10-09 13:44:23,2025,10,9,13,44,41,Thursday,89
2025-10-09 13:45:14,2025,10,9,13,45,41,Thursday,102
2025-10-09 13:46:15,2025,10,9,13,46,41,Thursday,127
2025-10-09 13:47:31,2025,10,9,13,47,41,Thursday,137
2025-10-09 13:48:49,2025,10,9,13,48,41,Thursday,94
2025-10-09 13:49:51,2025,10,9,13,49,41,Thursday,33
2025-10-09 13:50:10,2025,10,9,13,50,41,Thursday,77
2025-10-09 13:50:56,2025,10,9,13,50,41,Thursday,105
2025-10-09 13:51:56,2025,10,9,13,51,41,Thursday,7
2025-10-09 13:52:00,2025,10,9,13,52,41,Thursday,112
2025-10-09 13:53:09,2025,10,9,13,53,41,Thursday,29
2025-10-09 13:53:26,2025,10,9,13,53,41,Thursday,67
2025-10-09 13:54:10,2025,10,9,13,54,41,Thursday,36
2025-10-09 13:54:32,2025,10,9,13,54,41,Thursday,64
2025-10-09 13:55:18,2025,10,9,13,55,41,Thursday,47
2025-10-09 13:56:57,2025,10,9,13,56,41,Thursday,15
2025-10-09 13:58:12,2025,10,9,13,58,41,Thursday,18
2025-10-09 13:59:12,2025,10,9,13,59,41,Thursday,20
2025-10-09 14:01:03,2025,10,9,14,1,41,Thursday,24
2025-10-09 14:02:16,2025,10,9,14,2,41,Thursday,29
2025-10-09 14:03:16,2025,10,9,14,3,41,Thursday,6
2025-10-09 14:03:32,2025,10,9,14,3,41,Thursday,28
2025-10-09 14:05:19,2025,10,9,14,5,41,Thursday,19
2025-10-09 14:06:19,2025,10,9,14,6,41,Thursday,38
2025-10-09 14:07:15,2025,10,9,14,7,41,Thursday,14
2025-10-09 14:07:38,2025,10,9,14,7,41,Thursday,2
2025-10-09 14:08:38,2025,10,9,14,8,41,Thursday,23
2025-10-09 14:10:24,2025,10,9,14,10,41,Thursday,12
2025-10-09 14:11:24,2025,10,9,14,11,41,Thursday,6
2025-10-09 14:12:36,2025,10,9,14,12,41,Thursday,25
2025-10-09 14:13:36,2025,10,9,14,13,41,Thursday,50
2025-10-09 14:14:53,2025,10,9,14,14,41,Thursday,43
2025-10-09 14:16:19,2025,10,9,14,16,41,Thursday,5
2025-10-09 14:23:59,2025,10,9,14,23,41,Thursday,19
2025-10-09 14:25:54,2025,10,9,14,25,41,Thursday,15
2025-10-09 14:27:02,2025,10,9,14,27,41,Thursday,22
2025-10-09 14:28:02,2025,10,9,14,28,41,Thursday,14
2025-10-09 14:28:32,2025,10,9,14,28,41,Thursday,38
2025-10-09 17:08:07,2025,10,9,17,8,41,Thursday,46
2025-10-09 17:09:54,2025,10,9,17,9,41,Thursday,53
2025-10-09 17:12:04,2025,10,9,17,12,41,Thursday,1
2025-10-09 17:13:04,2025,10,9,17,13,41,Thursday,26
2025-10-09 17:13:58,2025,10,9,17,13,41,Thursday,20
2025-10-09 17:14:58,2025,10,9,17,14,41,Thursday,42
2025-10-09 17:15:43,2025,10,9,17,15,41,Thursday,26
2025-10-09 17:16:43,2025,10,9,17,16,41,Thursday,18
2025-10-09 17:18:17,2025,10,9,17,18,41,Thursday,24
2025-10-09 17:19:48,2025,10,9,17,19,41,Thursday,24
2025-10-09 17:20:48,2025,10,9,17,20,41,Thursday,2
2025-10-09 17:20:50,2025,10,9,17,20,41,Thursday,91
2025-10-09 17:23:12,2025,10,9,17,23,41,Thursday,106
2025-10-09 17:24:13,2025,10,9,17,24,41,Thursday,71
2025-10-09 17:24:57,2025,10,9,17,24,41,Thursday,170
2025-10-09 17:26:42,2025,10,9,17,26,41,Thursday,60
2025-10-09 17:28:07,2025,10,9,17,28,41,Thursday,86
2025-10-09 17:30:11,2025,10,9,17,30,41,Thursday,42
2025-10-09 17:30:35,2025,10,9,17,30,41,Thursday,48
2025-10-09 17:31:01,2025,10,9,17,31,41,Thursday,101
2025-10-09 17:32:00,2025,10,9,17,32,41,Thursday,13
2025-10-09 17:32:07,2025,10,9,17,32,41,Thursday,90
2025-10-09 17:33:00,2025,10,9,17,33,41,Thursday,106
2025-10-09 17:34:01,2025,10,9,17,34,41,Thursday,109
2025-10-09 17:35:04,2025,10,9,17,35,41,Thursday,123
2025-10-09 17:36:18,2025,10,9,17,36,41,Thursday,77
2025-10-09 17:37:11,2025,10,9,17,37,41,Thursday,28
2025-10-09 17:37:29,2025,10,9,17,37,41,Thursday,27
2025-10-09 17:37:55,2025,10,9,17,37,41,Thursday,8
2025-10-09 17:43:14,2025,10,9,17,43,41,Thursday,18
2025-10-09 17:44:14,2025,10,9,17,44,41,Thursday,25
2025-10-09 17:44:32,2025,10,9,17,44,41,Thursday,175
2025-10-09 17:46:15,2025,10,9,17,46,41,Thursday,51
2025-10-09 17:46:44,2025,10,9,17,46,41,Thursday,67
2025-10-09 17:47:21,2025,10,9,17,47,41,Thursday,119
2025-10-09 17:48:33,2025,10,9,17,48,41,Thursday,157
2025-10-09 17:50:00,2025,10,9,17,50,41,Thursday,45
2025-10-09 17:50:26,2025,10,9,17,50,41,Thursday,146
2025-10-09 17:51:47,2025,10,9,17,51,41,Thursday,49
2025-10-09 17:52:14,2025,10,9,17,52,41,Thursday,113
2025-10-09 17:53:16,2025,10,9,17,53,41,Thursday,44
2025-10-09 17:54:04,2025,10,9,17,54,41,Thursday,31
2025-10-09 18:48:55,2025,10,9,18,48,41,Thursday,14
2025-10-09 18:50:06,2025,10,9,18,50,41,Thursday,43
2025-10-09 18:51:32,2025,10,9,18,51,41,Thursday,47
2025-10-09 18:52:22,2025,10,9,18,52,41,Thursday,3
2025-10-09 18:53:22,2025,10,9,18,53,41,Thursday,85
2025-10-09 19:16:30,2025,10,9,19,16,41,Thursday,16
2025-10-09 19:18:03,2025,10,9,19,18,41,Thursday,21
2025-10-09 19:19:03,2025,10,9,19,19,41,Thursday,4
2025-10-09 19:32:35,2025,10,9,19,32,41,Thursday,7
2025-10-09 19:35:41,2025,10,9,19,35,41,Thursday,5
2025-10-09 19:36:41,2025,10,9,19,36,41,Thursday,29
2025-10-09 19:39:00,2025,10,9,19,39,41,Thursday,7
2025-10-09 19:45:35,2025,10,9,19,45,41,Thursday,11
2025-10-09 19:47:01,2025,10,9,19,47,41,Thursday,38
2025-10-09 19:48:17,2025,10,9,19,48,41,Thursday,40
2025-10-09 19:48:42,2025,10,9,19,48,41,Thursday,81
2025-10-09 19:49:32,2025,10,9,19,49,41,Thursday,14
2025-10-09 19:51:39,2025,10,9,19,51,41,Thursday,12
2025-10-09 20:02:38,2025,10,9,20,2,41,Thursday,30
2025-10-09 20:53:16,2025,10,9,20,53,41,Thursday,33
2025-10-09 23:12:38,2025,10,9,23,12,41,Thursday,127
2025-10-09 23:16:52,2025,10,9,23,16,41,Thursday,116
2025-10-09 23:17:53,2025,10,9,23,17,41,Thursday,130
2025-10-09 23:18:51,2025,10,9,23,18,41,Thursday,110
2025-10-09 23:19:52,2025,10,9,23,19,41,Thursday,130
2025-10-09 23:20:52,2025,10,9,23,20,41,Thursday,120
2025-10-09 23:21:54,2025,10,9,23,21,41,Thursday,126
2025-10-09 23:22:55,2025,10,9,23,22,41,Thursday,114
2025-10-09 23:23:55,2025,10,9,23,23,41,Thursday,73
2025-10-09 23:24:36,2025,10,9,23,24,41,Thursday,47
2025-10-09 23:26:07,2025,10,9,23,26,41,Thursday,93
2025-10-09 23:27:23,2025,10,9,23,27,41,Thursday,96
2025-10-09 23:32:44,2025,10,9,23,32,41,Thursday,7
2025-10-09 23:44:23,2025,10,9,23,44,41,Thursday,39
2025-10-09 23:45:41,2025,10,9,23,45,41,Thursday,43
2025-10-09 23:46:41,2025,10,9,23,46,41,Thursday,101
2025-10-09 23:47:50,2025,10,9,23,47,41,Thursday,94
2025-10-09 23:48:48,2025,10,9,23,48,41,Thursday,4
2025-10-09 23:50:17,2025,10,9,23,50,41,Thursday,14
2025-10-09 23:51:35,2025,10,9,23,51,41,Thursday,11
2025-10-09 23:52:35,2025,10,9,23,52,41,Thursday,4
2025-10-10 00:06:37,2025,10,10,0,6,41,Friday,17
2025-10-10 08:51:37,2025,10,10,8,51,41,Friday,20
2025-10-10 08:56:16,2025,10,10,8,56,41,Friday,6
2025-10-10 08:59:19,2025,10,10,8,59,41,Friday,6
2025-10-10 09:12:58,2025,10,10,9,12,41,Friday,28
2025-10-10 09:13:58,2025,10,10,9,13,41,Friday,9
2025-10-10 09:14:06,2025,10,10,9,14,41,Friday,106
2025-10-10 09:16:38,2025,10,10,9,16,41,Friday,32
2025-10-10 09:54:07,2025,10,10,9,54,41,Friday,17
2025-10-10 10:00:56,2025,10,10,10,0,41,Friday,17
2025-10-10 13:19:23,2025,10,10,13,19,41,Friday,20
2025-10-10 13:20:23,2025,10,10,13,20,41,Friday,15
2025-10-10 13:22:37,2025,10,10,13,22,41,Friday,22
2025-10-10 13:45:51,2025,10,10,13,45,41,Friday,41
2025-10-10 13:59:48,2025,10,10,13,59,41,Friday,10
2025-10-10 14:18:21,2025,10,10,14,18,41,Friday,10
2025-10-10 14:19:21,2025,10,10,14,19,41,Friday,9
2025-10-10 14:19:43,2025,10,10,14,19,41,Friday,9
2025-10-10 14:20:30,2025,10,10,14,20,41,Friday,60
2025-10-10 14:22:05,2025,10,10,14,22,41,Friday,26
2025-10-10 14:22:35,2025,10,10,14,22,41,Friday,6
2025-10-10 14:22:40,2025,10,10,14,22,41,Friday,87
2025-10-10 14:24:12,2025,10,10,14,24,41,Friday,44
2025-10-10 14:24:45,2025,10,10,14,24,41,Friday,50
2025-10-10 14:25:40,2025,10,10,14,25,41,Friday,53
2025-10-10 14:26:07,2025,10,10,14,26,41,Friday,37
2025-10-10 14:26:33,2025,10,10,14,26,41,Friday,43
2025-10-10 14:26:59,2025,10,10,14,26,41,Friday,22
2025-10-10 14:28:06,2025,10,10,14,28,41,Friday,6
2025-10-10 14:34:08,2025,10,10,14,34,41,Friday,36
2025-10-10 16:46:50,2025,10,10,16,46,41,Friday,25
2025-10-10 17:45:25,2025,10,10,17,45,41,Friday,12
2025-10-10 17:47:27,2025,10,10,17,47,41,Friday,9
2025-10-10 17:49:44,2025,10,10,17,49,41,Friday,15
2025-10-10 17:50:44,2025,10,10,17,50,41,Friday,17
2025-10-10 18:12:31,2025,10,10,18,12,41,Friday,10
2025-10-10 19:16:25,2025,10,10,19,16,41,Friday,42
2025-10-10 20:26:43,2025,10,10,20,26,41,Friday,20
2025-10-10 20:54:26,2025,10,10,20,54,41,Friday,18
2025-10-10 22:33:05,2025,10,10,22,33,41,Friday,12
2025-10-10 23:01:12,2025,10,10,23,1,41,Friday,6
2025-10-10 23:02:12,2025,10,10,23,2,41,Friday,110
2025-10-10 23:04:56,2025,10,10,23,4,41,Friday,123
2025-10-10 23:05:57,2025,10,10,23,5,41,Friday,116
2025-10-10 23:06:56,2025,10,10,23,6,41,Friday,3
2025-10-10 23:06:57,2025,10,10,23,6,41,Friday,120
2025-10-10 23:07:56,2025,10,10,23,7,41,Friday,61
2025-10-10 23:08:46,2025,10,10,23,8,41,Friday,79
2025-10-10 23:10:04,2025,10,10,23,10,41,Friday,125
2025-10-10 23:11:06,2025,10,10,23,11,41,Friday,131
2025-10-10 23:12:07,2025,10,10,23,12,41,Friday,89
2025-10-10 23:12:49,2025,10,10,23,12,41,Friday,133
2025-10-10 23:14:09,2025,10,10,23,14,41,Friday,101
2025-10-10 23:15:10,2025,10,10,23,15,41,Friday,120
2025-10-10 23:16:11,2025,10,10,23,16,41,Friday,9
2025-10-10 23:38:22,2025,10,10,23,38,41,Friday,42
2025-10-10 23:47:10,2025,10,10,23,47,41,Friday,19
2025-10-10 23:48:10,2025,10,10,23,48,41,Friday,71
2025-10-10 23:49:44,2025,10,10,23,49,41,Friday,107
2025-10-10 23:50:46,2025,10,10,23,50,41,Friday,92
2025-10-10 23:51:44,2025,10,10,23,51,41,Friday,20
2025-10-10 23:53:16,2025,10,10,23,53,41,Friday,25
2025-10-10 23:54:16,2025,10,10,23,54,41,Friday,27
2025-10-11 07:55:22,2025,10,11,7,55,41,Saturday,6
2025-10-11 08:36:15,2025,10,11,8,36,41,Saturday,8
2025-10-11 08:43:39,2025,10,11,8,43,41,Saturday,16
2025-10-11 09:41:40,2025,10,11,9,41,41,Saturday,22
2025-10-11 09:54:05,2025,10,11,9,54,41,Saturday,46
2025-10-11 09:55:37,2025,10,11,9,55,41,Saturday,78
2025-10-11 09:57:19,2025,10,11,9,57,41,Saturday,46
2025-10-11 10:03:21,2025,10,11,10,3,41,Saturday,11
2025-10-11 10:04:21,2025,10,11,10,4,41,Saturday,11
2025-10-11 10:05:10,2025,10,11,10,5,41,Saturday,11
2025-10-11 10:08:15,2025,10,11,10,8,41,Saturday,8
2025-10-11 10:23:54,2025,10,11,10,23,41,Saturday,31
2025-10-11 10:24:43,2025,10,11,10,24,41,Saturday,28
2025-10-11 10:25:10,2025,10,11,10,25,41,Saturday,31
2025-10-11 10:25:33,2025,10,11,10,25,41,Saturday,18
2025-10-11 10:25:43,2025,10,11,10,25,41,Saturday,27
2025-10-11 10:28:20,2025,10,11,10,28,41,Saturday,12
2025-10-11 10:29:20,2025,10,11,10,29,41,Saturday,20
2025-10-11 10:29:49,2025,10,11,10,29,41,Saturday,34
2025-10-11 10:30:57,2025,10,11,10,30,41,Saturday,29
2025-10-11 10:33:18,2025,10,11,10,33,41,Saturday,25
2025-10-11 10:34:18,2025,10,11,10,34,41,Saturday,80
2025-10-11 10:35:14,2025,10,11,10,35,41,Saturday,53
2025-10-11 10:37:00,2025,10,11,10,37,41,Saturday,37
2025-10-11 10:37:59,2025,10,11,10,37,41,Saturday,7
2025-10-11 10:38:08,2025,10,11,10,38,41,Saturday,37
2025-10-11 10:39:22,2025,10,11,10,39,41,Saturday,33
2025-10-11 10:45:15,2025,10,11,10,45,41,Saturday,5
2025-10-11 10:46:15,2025,10,11,10,46,41,Saturday,2
2025-10-11 10:48:33,2025,10,11,10,48,41,Saturday,10
2025-10-11 10:49:33,2025,10,11,10,49,41,Saturday,44
2025-10-11 10:50:35,2025,10,11,10,50,41,Saturday,15
2025-10-11 10:51:35,2025,10,11,10,51,41,Saturday,34
2025-10-11 10:52:36,2025,10,11,10,52,41,Saturday,34
2025-10-11 10:53:45,2025,10,11,10,53,41,Saturday,14
2025-10-11 11:41:49,2025,10,11,11,41,41,Saturday,7
2025-10-11 11:42:05,2025,10,11,11,42,41,Saturday,9
2025-10-11 11:50:23,2025,10,11,11,50,41,Saturday,28
2025-10-11 11:51:23,2025,10,11,11,51,41,Saturday,60
2025-10-11 11:57:52,2025,10,11,11,57,41,Saturday,5
2025-10-11 12:04:31,2025,10,11,12,4,41,Saturday,13
2025-10-11 12:31:25,2025,10,11,12,31,41,Saturday,8
2025-10-11 12:42:30,2025,10,11,12,42,41,Saturday,7
2025-10-11 12:45:57,2025,10,11,12,45,41,Saturday,49
2025-10-11 12:47:35,2025,10,11,12,47,41,Saturday,86
2025-10-11 13:10:54,2025,10,11,13,10,41,Saturday,16
2025-10-11 13:12:38,2025,10,11,13,12,41,Saturday,13
2025-10-11 13:13:38,2025,10,11,13,13,41,Saturday,30
2025-10-11 13:13:59,2025,10,11,13,13,41,Saturday,35
2025-10-11 13:14:27,2025,10,11,13,14,41,Saturday,43
2025-10-11 13:15:10,2025,10,11,13,15,41,Saturday,15
2025-10-11 13:15:35,2025,10,11,13,15,41,Saturday,6
2025-10-11 13:15:46,2025,10,11,13,15,41,Saturday,98
2025-10-11 13:18:23,2025,10,11,13,18,41,Saturday,26
2025-10-11 13:18:36,2025,10,11,13,18,41,Saturday,72
2025-10-11 13:19:13,2025,10,11,13,19,41,Saturday,83
2025-10-11 13:19:57,2025,10,11,13,19,41,Saturday,62
2025-10-11 13:20:25,2025,10,11,13,20,41,Saturday,69
2025-10-11 13:21:01,2025,10,11,13,21,41,Saturday,119
2025-10-11 13:22:03,2025,10,11,13,22,41,Saturday,40
2025-10-11 13:22:26,2025,10,11,13,22,41,Saturday,90
2025-10-11 13:23:13,2025,10,11,13,23,41,Saturday,114
2025-10-11 13:24:06,2025,10,11,13,24,41,Saturday,121
2025-10-11 13:25:05,2025,10,11,13,25,41,Saturday,56
2025-10-11 13:25:34,2025,10,11,13,25,41,Saturday,110
2025-10-11 13:26:31,2025,10,11,13,26,41,Saturday,29
2025-10-11 13:26:44,2025,10,11,13,26,41,Saturday,103
2025-10-11 13:27:32,2025,10,11,13,27,41,Saturday,29
2025-10-11 13:27:45,2025,10,11,13,27,41,Saturday,89
2025-10-11 13:28:28,2025,10,11,13,28,41,Saturday,32
2025-10-11 13:28:46,2025,10,11,13,28,41,Saturday,55
2025-10-11 13:29:13,2025,10,11,13,29,41,Saturday,34
2025-10-11 13:29:31,2025,10,11,13,29,41,Saturday,43
2025-10-11 13:29:55,2025,10,11,13,29,41,Saturday,42
2025-10-11 13:30:19,2025,10,11,13,30,41,Saturday,22
2025-10-11 13:30:50,2025,10,11,13,30,41,Saturday,7
2025-10-11 13:31:34,2025,10,11,13,31,41,Saturday,18
2025-10-11 13:31:46,2025,10,11,13,31,41,Saturday,45
2025-10-11 13:32:33,2025,10,11,13,32,41,Saturday,15
2025-10-11 13:32:41,2025,10,11,13,32,41,Saturday,106
2025-10-11 13:33:35,2025,10,11,13,33,41,Saturday,55
2025-10-11 13:34:09,2025,10,11,13,34,41,Saturday,23
2025-10-11 13:34:23,2025,10,11,13,34,41,Saturday,5
2025-10-11 13:35:05,2025,10,11,13,35,41,Saturday,9
2025-10-11 13:39:22,2025,10,11,13,39,41,Saturday,8
2025-10-11 14:10:47,2025,10,11,14,10,41,Saturday,8
2025-10-11 14:21:28,2025,10,11,14,21,41,Saturday,53
2025-10-11 14:23:14,2025,10,11,14,23,41,Saturday,49
2025-10-11 14:24:31,2025,10,11,14,24,41,Saturday,34
2025-10-11 14:25:39,2025,10,11,14,25,41,Saturday,5
2025-10-11 14:25:44,2025,10,11,14,25,41,Saturday,3
2025-10-11 14:26:44,2025,10,11,14,26,41,Saturday,42
2025-10-11 14:27:07,2025,10,11,14,27,41,Saturday,25
2025-10-11 14:27:22,2025,10,11,14,27,41,Saturday,14
2025-10-11 14:27:50,2025,10,11,14,27,41,Saturday,31
2025-10-11 14:28:06,2025,10,11,14,28,41,Saturday,29
2025-10-11 14:28:22,2025,10,11,14,28,41,Saturday,38
2025-10-11 14:28:44,2025,10,11,14,28,41,Saturday,24
2025-10-11 14:43:51,2025,10,11,14,43,41,Saturday,42
2025-10-11 14:44:15,2025,10,11,14,44,41,Saturday,9
2025-10-11 14:47:08,2025,10,11,14,47,41,Saturday,72
2025-10-11 14:49:32,2025,10,11,14,49,41,Saturday,19
2025-10-11 14:51:02,2025,10,11,14,51,41,Saturday,13
2025-10-11 14:52:02,2025,10,11,14,52,41,Saturday,48
2025-10-11 15:22:29,2025,10,11,15,22,41,Saturday,6
2025-10-11 15:22:33,2025,10,11,15,22,41,Saturday,57
2025-10-11 15:23:06,2025,10,11,15,23,41,Saturday,62
2025-10-11 15:23:40,2025,10,11,15,23,41,Saturday,6
2025-10-11 15:24:25,2025,10,11,15,24,41,Saturday,9
2025-10-11 15:24:31,2025,10,11,15,24,41,Saturday,45
2025-10-11 15:25:23,2025,10,11,15,25,41,Saturday,21
2025-10-11 15:30:52,2025,10,11,15,30,41,Saturday,1
2025-10-11 15:31:52,2025,10,11,15,31,41,Saturday,11
2025-10-11 15:31:59,2025,10,11,15,31,41,Saturday,27
2025-10-11 15:32:44,2025,10,11,15,32,41,Saturday,3
2025-10-11 15:53:30,2025,10,11,15,53,41,Saturday,48
2025-10-11 16:09:13,2025,10,11,16,9,41,Saturday,6
2025-10-11 17:07:14,2025,10,11,17,7,41,Saturday,39
2025-10-11 17:08:32,2025,10,11,17,8,41,Saturday,7
2025-10-11 17:15:52,2025,10,11,17,15,41,Saturday,18
2025-10-11 17:16:52,2025,10,11,17,16,41,Saturday,8
2025-10-11 18:16:25,2025,10,11,18,16,41,Saturday,16
2025-10-11 19:11:10,2025,10,11,19,11,41,Saturday,38
2025-10-11 19:12:26,2025,10,11,19,12,41,Saturday,14
2025-10-11 19:13:20,2025,10,11,19,13,41,Saturday,6
2025-10-11 19:14:20,2025,10,11,19,14,41,Saturday,17
2025-10-11 19:17:50,2025,10,11,19,17,41,Saturday,13
2025-10-11 19:18:50,2025,10,11,19,18,41,Saturday,11
2025-10-11 19:18:57,2025,10,11,19,18,41,Saturday,8
2025-10-11 19:19:52,2025,10,11,19,19,41,Saturday,18
2025-10-11 19:20:13,2025,10,11,19,20,41,Saturday,25
2025-10-11 19:20:50,2025,10,11,19,20,41,Saturday,33
2025-10-11 19:21:32,2025,10,11,19,21,41,Saturday,19
2025-10-11 19:22:32,2025,10,11,19,22,41,Saturday,98
2025-10-11 19:23:26,2025,10,11,19,23,41,Saturday,12
2025-10-11 19:23:33,2025,10,11,19,23,41,Saturday,100
2025-10-11 19:24:26,2025,10,11,19,24,41,Saturday,13
2025-10-11 19:24:33,2025,10,11,19,24,41,Saturday,99
2025-10-11 19:25:26,2025,10,11,19,25,41,Saturday,13
2025-10-11 19:25:34,2025,10,11,19,25,41,Saturday,101
2025-10-11 19:26:28,2025,10,11,19,26,41,Saturday,12
2025-10-11 19:26:35,2025,10,11,19,26,41,Saturday,101
2025-10-11 19:27:29,2025,10,11,19,27,41,Saturday,13
2025-10-11 19:27:36,2025,10,11,19,27,41,Saturday,101
2025-10-11 19:28:30,2025,10,11,19,28,41,Saturday,11
2025-10-11 19:28:36,2025,10,11,19,28,41,Saturday,99
2025-10-11 19:29:31,2025,10,11,19,29,41,Saturday,10
2025-10-11 19:29:36,2025,10,11,19,29,41,Saturday,105
2025-10-11 19:30:32,2025,10,11,19,30,41,Saturday,12
2025-10-11 19:30:38,2025,10,11,19,30,41,Saturday,107
2025-10-11 19:31:33,2025,10,11,19,31,41,Saturday,9
2025-10-11 19:31:38,2025,10,11,19,31,41,Saturday,104
2025-10-11 19:32:34,2025,10,11,19,32,41,Saturday,9
2025-10-11 19:32:39,2025,10,11,19,32,41,Saturday,102
2025-10-11 19:33:35,2025,10,11,19,33,41,Saturday,9
2025-10-11 19:33:40,2025,10,11,19,33,41,Saturday,105
2025-10-11 19:34:35,2025,10,11,19,34,41,Saturday,12
2025-10-11 19:34:41,2025,10,11,19,34,41,Saturday,104
2025-10-11 19:35:36,2025,10,11,19,35,41,Saturday,9
2025-10-11 19:35:41,2025,10,11,19,35,41,Saturday,99
2025-10-11 19:36:37,2025,10,11,19,36,41,Saturday,9
2025-10-11 19:36:42,2025,10,11,19,36,41,Saturday,99
2025-10-11 19:37:38,2025,10,11,19,37,41,Saturday,7
2025-10-11 19:37:42,2025,10,11,19,37,41,Saturday,105
2025-10-11 19:38:39,2025,10,11,19,38,41,Saturday,7
2025-10-11 19:38:43,2025,10,11,19,38,41,Saturday,57
2025-10-11 19:39:41,2025,10,11,19,39,41,Saturday,7
2025-10-11 19:40:16,2025,10,11,19,40,41,Saturday,22
2025-10-11 19:44:28,2025,10,11,19,44,41,Saturday,9
2025-10-11 19:45:28,2025,10,11,19,45,41,Saturday,96
2025-10-11 19:48:25,2025,10,11,19,48,41,Saturday,71
2025-10-11 19:49:25,2025,10,11,19,49,41,Saturday,26
2025-10-11 19:57:04,2025,10,11,19,57,41,Saturday,12
2025-10-11 19:58:31,2025,10,11,19,58,41,Saturday,21
2025-10-11 20:35:54,2025,10,11,20,35,41,Saturday,5
2025-10-11 21:37:04,2025,10,11,21,37,41,Saturday,42
2025-10-11 22:02:34,2025,10,11,22,2,41,Saturday,15
2025-10-11 23:22:03,2025,10,11,23,22,41,Saturday,107
2025-10-11 23:25:37,2025,10,11,23,25,41,Saturday,122
2025-10-11 23:26:39,2025,10,11,23,26,41,Saturday,83
2025-10-11 23:27:39,2025,10,11,23,27,41,Saturday,100
2025-10-11 23:28:39,2025,10,11,23,28,41,Saturday,130
2025-10-11 23:29:39,2025,10,11,23,29,41,Saturday,107
2025-10-11 23:30:41,2025,10,11,23,30,41,Saturday,126
2025-10-11 23:31:42,2025,10,11,23,31,41,Saturday,121
2025-10-11 23:32:41,2025,10,11,23,32,41,Saturday,134
2025-10-11 23:33:42,2025,10,11,23,33,41,Saturday,126
2025-10-11 23:34:43,2025,10,11,23,34,41,Saturday,114
2025-10-11 23:35:44,2025,10,11,23,35,41,Saturday,107
2025-10-11 23:47:28,2025,10,11,23,47,41,Saturday,61
2025-10-11 23:49:30,2025,10,11,23,49,41,Saturday,83
2025-10-11 23:50:34,2025,10,11,23,50,41,Saturday,63
2025-10-11 23:51:28,2025,10,11,23,51,41,Saturday,39
2025-10-12 00:03:27,2025,10,12,0,3,41,Sunday,1
2025-10-12 00:04:27,2025,10,12,0,4,41,Sunday,11
2025-10-12 08:33:08,2025,10,12,8,33,41,Sunday,1
2025-10-12 08:36:25,2025,10,12,8,36,41,Sunday,9
2025-10-12 08:37:25,2025,10,12,8,37,41,Sunday,15
2025-10-12 09:07:08,2025,10,12,9,7,41,Sunday,7
2025-10-12 09:10:36,2025,10,12,9,10,41,Sunday,15
2025-10-12 09:11:36,2025,10,12,9,11,41,Sunday,15
2025-10-12 09:12:01,2025,10,12,9,12,41,Sunday,19
2025-10-12 09:12:11,2025,10,12,9,12,41,Sunday,47
2025-10-12 09:12:35,2025,10,12,9,12,41,Sunday,57
2025-10-12 09:13:04,2025,10,12,9,13,41,Sunday,67
2025-10-12 10:07:32,2025,10,12,10,7,41,Sunday,32
2025-10-12 11:05:30,2025,10,12,11,5,41,Sunday,8
2025-10-12 11:05:46,2025,10,12,11,5,41,Sunday,126
2025-10-12 11:06:55,2025,10,12,11,6,41,Sunday,45
2025-10-12 11:08:25,2025,10,12,11,8,41,Sunday,7
2025-10-12 11:08:30,2025,10,12,11,8,41,Sunday,10
2025-10-12 11:45:34,2025,10,12,11,45,41,Sunday,10
2025-10-12 11:46:34,2025,10,12,11,46,41,Sunday,18
2025-10-12 12:15:28,2025,10,12,12,15,41,Sunday,30
